Transaction ID,Transaction
Trans1,"Avengers: Endgame, Joker, Frozen II"
Trans2,"Avengers: Endgame, Toy Story 4, Parasite, The Irishman"
Trans3,"Joker, Frozen II, Parasite, Spider-Man: No Way Home"
Trans4,"Avengers: Endgame, The Lion King, John Wick: Chapter 3"
Trans5,"Toy Story 4, Joker, The Lion King, Black Panther"
Trans6,"Avengers: Endgame, Frozen II, Parasite, Spider-Man: No Way Home, John Wick: Chapter 3"
Trans7,"Joker, Toy Story 4, The Irishman"
Trans8,"The Lion King, Frozen II, John Wick: Chapter 3, Parasite"
Trans9,"Toy Story 4, Joker, Parasite, Spider-Man: No Way Home, Black Panther"
Trans10,"Avengers: Endgame, The Lion King, Black Panther"
Trans11,"Toy Story 4, Parasite, Joker, The Irishman"
Trans12,"Black Panther, John Wick: Chapter 3"
Trans13,"Joker, Frozen II, Spider-Man: No Way Home, Parasite"
Trans14,"Parasite, Avengers: Endgame, The Lion King, The Irishman"
Trans15,"Frozen II, Toy Story 4, The Irishman"
Trans16,"The Lion King, Parasite, John Wick: Chapter 3"
Trans17,"Avengers: Endgame, Toy Story 4, Spider-Man: No Way Home, The Lion King, Black Panther"
Trans18,"Joker, The Lion King, Toy Story 4"
Trans19,"Parasite, Spider-Man: No Way Home, The Irishman"
Trans20,"Frozen II, Joker, John Wick: Chapter 3, Avengers: Endgame"